{
    "Genetic Algorithm": 1.5929456671001447,
    "Integer Linear Programming": 2.5075603637172654,
    "Simulated Annealing": 1.2102391013065594
}