{
    "Genetic Algorithm": 1.615125732020086,
    "Integer Linear Programming": 2.3281196639585766,
    "Simulated Annealing": 1.2269953565225138
}